<?xml version="1.0" encoding="UTF-8"?>
<!DOCTYPE suite SYSTEM "http://testng.org/testng-1.0.dtd">
  <suite name="Parallel Tests" verbose="1" thread-count="3" parallel="tests">
  <!-- 	<listeners>
		<listener class-name="com.appypie.util.AnnotationTransformer" />
		 </listeners>   -->
	
 	   <test name="Android1">
		<parameter name="port" value="4725" />
		<parameter name="device" value="172.16.9.62:5555" /> 
		<parameter name="version" value="6.0" />
		<parameter name="name" value="Android1" />
		<parameter name="apk" value="/Users/anurag/Downloads/Testing APK and IPA and APP/f5f8fe48830e.apk" />
	 	<classes>
			<class name="com.appypie.tests.AndroidAppiumHotelPageTest">
				<methods>
					<!--  <include name="verifyCouponDirectoryBookmarks" />    --> 
				</methods>
			</class>
		</classes> 
	</test>    
	
 	    	   <test name="Android2">
		<parameter name="port" value="4730" />
		<parameter name="device" value="172.16.9.54:5555" /> 
		<parameter name="version" value="6.0" />
		<parameter name="name" value="Android2" />
		<parameter name="apk" value="/Users/anurag/Downloads/Testing APK and IPA and APP/f5f8fe48830e.apk" />
	 	<classes>
			<class name="com.appypie.tests.AndroidAppiumHotelPageTest">
				<methods>
					<!--  <include name="verifyCouponDirectoryBookmarks" />    --> 
				</methods>
			</class>
		</classes> 
	</test> 
	
	 
<!--  	   <test name="Android1">
		<parameter name="port" value="4723" />
		<parameter name="device" value="192.168.56.103:5555" />
		<parameter name="version" value="6.0" />
		<parameter name="name" value="Android" />
		<parameter name="apk" value="/Users/anurag/Downloads/Testing APK and IPA and APP/f5f8fe48830e.apk" />
	 	<classes>
			<class name="com.appypie.tests.AppypieCouponDirctoryTest">
				<methods>
					 <include name="verifyCouponDirectoryBookmarks" />    
				</methods>
			</class>
		</classes> 
	</test>  -->


<!-- ==================================================================IOS============================================================================== -->
	<test name="iPhone">
		<parameter name="port" value="4723" />
		<parameter name="device" value="iPhone 7" />
		<parameter name="version" value="11.2" />
		<parameter name="name" value="iPhone" />
		<parameter name="apk" value="/Users/anurag/Downloads/Testing APK and IPA and APP/CreatedApp.ipa" />
		<classes>
			<class name="com.appypie.tests.AndroidAppiumHotelPageTest">
				<methods>
				  <!--  <include name="verifyCouponDirectoryBookmarks" />    -->
				</methods> 
			</class>
		</classes>
	</test>       
</suite> 
